http://www.gsu.uts.edu.au/publications/styleguide/names.html#postnominals
http://www.btb.termiumplus.gc.ca/tcdnstyl-chap?lang=eng&lettr=chapsect1&info0=1.08#zz1
http://www.accu-assist.com/grammar-tips-archive/GrammarTip_academic-degrees.htm
http://www.debretts.com/forms-address/ask-debretts-expert/questions-professions
http://www.debretts.com/forms-address/hierarchies/letters-after-name/armed-forces
http://www.debretts.com/forms-address/hierarchies/letters-after-name
http://www.debretts.com/forms-address/hierarchies/letters-after-name/professional-fellowships
http://www.debretts.com/forms-address/hierarchies/letters-after-name/royal-academicians-and-associates
http://www.debretts.com/forms-address/hierarchies/letters-after-name/privy-counsellors-and-crown-appointments
http://www.debretts.com/forms-address/hierarchies/letters-after-name/religious-and-medical-qualifications
http://www.debretts.com/forms-address/professions/academics/doctor
http://www.debretts.com/forms-address/professions/medical-professions/medical-qualifications
http://www.debretts.com/forms-address/titles/untitled-men
http://www.formsofaddress.info/post_nominals.html
http://www.newcastle.anglican.org/news-and-events/news-article.aspx?id=10113
http://ncronline.org/blogs/ncr-today/mind-francis-denying-communion
http://www.rsc.org/about-us/our-charter/
http://www.theiet.org/membership/manage/use-designatory-letters/
http://www.cai.cam.ac.uk/people/stephen-hawking
http://www.phy.cam.ac.uk/directory/longairm
http://www.cssd.ac.uk/staff/peter-mcallister-ba-pgdip-ma
http://www.chem.ed.ac.uk/about-us/tercentenary/tercentenary-events/tercentenary-graduation-ceremony/professor-evelyn-ebsworth
http://www.imperial.ac.uk/media/imperial-college/administration-and-support-services/brand-and-style-guide/public/HouseStyleWeb.pdf
http://www.lboro.ac.uk/students/graduation/certificates/postnominalletters/
http://www.ntu.ac.uk/styleguide
http://www.oriel.ox.ac.uk/content/oxford-ma
http://www.justice.gov.uk/guidance/foa-hons-and-decs.htm
http://webarchive.nationalarchives.gov.uk/20110204173507/http:/www.justice.gov.uk/guidance/foa-hons-and-decs.htm
http://www.parliament.uk/biographies/commons/caroline-lucas/3930
https://www.charteredaccountants.com.au/secure/myCommunity/blogs/PaulM/professional-standards-blogs/12/i-before-e-except-after-ca
https://www.debretts.com/expertise/forms-of-address/letters-after-the-name/
https://www.debretts.com/expertise/forms-of-address/professions/
https://books.google.com/books?id=OPoKAQAAIAAJ&pg=PA374
https://books.google.com/books?id=VkqCBAAAQBAJ&pg=PA165
https://www.theguardian.com/education/1999/oct/18/highereducation.news1
https://web.archive.org/web/20140203072752/http://www.debretts.com/forms-address/hierarchies/letters-after-name/fellowships-learned-societies
https://web.archive.org/web/20150316012558/http://www.debretts.com/forms-address/hierarchies/letters-after-name/armed-forces
https://web.archive.org/web/20160328115145/http://www.debretts.com/forms-address/hierarchies/letters-after-name/fellowships-learned-societies
https://web.archive.org/web/20160528100708/http://www.debretts.com/forms-address/hierarchies/letters-after-name/privy-counsellors-and-crown-appointments
https://web.archive.org/web/20160528100722/http://www.debretts.com/forms-address/hierarchies/letters-after-name/professional-fellowships
https://web.archive.org/web/20160528100820/http://www.debretts.com/forms-address/hierarchies/letters-after-name/royal-academicians-and-associates
https://web.archive.org/web/20160528213529/http://www.debretts.com/forms-address/professions/medical-professions/medical-qualifications
https://web.archive.org/web/20160528223726/http://www.debretts.com/forms-address/titles/untitled-men
https://web.archive.org/web/20160624122248/https://www.charteredaccountants.com.au/secure/myCommunity/blogs/PaulM/professional-standards-blogs/12/i-before-e-except-after-ca
https://web.archive.org/web/20160630035439/http://www.bbk.ac.uk/english/our-staff/full-time-academic-staff/peter-fifield
https://web.archive.org/web/20160905184115/http://www.newcastle.anglican.org/news-and-events/news-article.aspx?id=10113
https://web.archive.org/web/20180820010016/https://www.ox.ac.uk/media/global/wwwoxacuk/localsites/gazette/documents/universitycalendar/Calendar_Style_Guide_2015.pdf
https://www.iop.org/about/governance/subsidiaries/annual-reports/file_65500.pdf
https://www.cam.ac.uk/brand-resources/guidelines/editorial-style-guide
https://www.nottingham.ac.uk/communicationsmarketing/services/service-details/style-guide/names-and-titles.aspx
https://www.ox.ac.uk/media/global/wwwoxacuk/localsites/gazette/documents/universitycalendar/Calendar_Style_Guide_2015.pdf
https://www.ox.ac.uk/sites/files/oxford/University%20of%20Oxford%20Style%20Guide%20(updated%20Hilary%20term%202016).pdf
https://www.naric.org.uk/europass/documents/ds_chart.pdf
https://www.parliament.uk/biographies/commons/David-Cameron/1467
https://www.royal.uk/commonwealth-honours